{"acc": 0.7864987050698462, "loss": 0.2177699672251608, "_timestamp": 1725505200.8437114, "_runtime": 7.993737459182739, "_step": 7, "_wandb": {"runtime": 7}}